Código,RNOS,Nombre,Tipo de cobertura,Provincia,Localidad,Sigla,Domicilio,Teléfono 1,Teléfono 2,Mail
997001,997001,PROGRAMA FEDERAL INCLUIR SALUD (PFIS),Plan o seguro público,Ministerio de Salud de la Nación,CIUDAD DE BUENOS AIRES,PFIS,Sin especificar,null,null,null
996001,null,PLAN NACER/PROGRAMA SUMAR,Plan o seguro público,Ministerio de Salud de la Nación,CIUDAD DE BUENOS AIRES,SUMAR,AV. 9 DE JULIO 1925 PISO 12°,null,null,null
924001,924001,O.S.P. TIERRA DEL FUEGO(IPAUSS),Obra social,Tierra del Fuego,null,IPAUSS,Sin especificar,null,null,null
923001,923001,O.S.P. SANTA CRUZ (CSS),Obra social,Santa Cruz,null,CSS,Sin especificar,null,null,null
922001,922001,O.S.P. RIO NEGRO (IPROSS),Obra social,Río Negro,null,IPROSS,Sin especificar,null,null,null
921001,921001,O.S.P. NEUQUEN (ISSN),Obra social,Neuquén,null,ISSN,Sin especificar,null,null,null
920001,920001,O.S.P. MISIONES (IPS),Obra social,Misiones,null,IPS MISIONES,Sin especificar,null,null,null
919001,919001,O.S.P. LA PAMPA (SEMPRE),Obra social,La Pampa,null,SEMPRE,Sin especificar,null,null,null
918002,918002,O.S.P. FORMOSA (AMP),Obra social,Formosa,null,AMP,Sin especificar,null,null,null
918001,918001,O.S.P. FORMOSA (IMPF),Obra social,Formosa,null,IMPF,Sin especificar,null,null,null
917001,917001,O.S.P. CHUBUT (SEROS),Obra social,Chubut,null,SEROS,Sin especificar,null,null,null
916001,916001,O.S.P. CHACO (INSSSEP),Obra social,Chaco,null,INSSSEP,Sin especificar,null,null,null
915001,915001,O.S.P. TUCUMAN (IPSST),Obra social,Tucumán,null,IPSST,Sin especificar,null,null,null
914001,914001,O.S.P. SANTIAGO DEL ESTERO (IOSEP),Obra social,Santiago del Estero,null,IOSEP,Sin especificar,null,null,null
913001,913001,O.S.P. SANTA FE (IAPOS),Obra social,Santa Fe,null,IAPOS,Sin especificar,null,null,null
912001,912001,O.S.P. SAN LUIS (DOSEP),Obra social,San Luis,null,DOSEP,Sin especificar,null,null,null
911001,911001,O.S.P. SAN JUAN (DOS),Obra social,San Juan,null,DOS,Sin especificar,null,null,null
910001,910001,O.S.P. SALTA (IPS),Obra social,Salta,null,IPS SALTA,Sin especificar,null,null,null
909001,909001,O.S.P. MENDOZA (OSEP),Obra social,Mendoza,null,OSEP,Sin especificar,null,null,null
908001,908001,O.S.P. LA RIOJA (APOS),Obra social,La Rioja,null,APOS,Sin especificar,null,null,null
907001,907001,O.S.P. JUJUY (ISJ),Obra social,Jujuy,null,ISJ,Sin especificar,null,null,null
906001,906001,O.S.P. ENTRE RIOS (IOSPER),Obra social,Entre Ríos,null,IOSPER,Sin especificar,null,null,null
905001,905001,O.S.P. CORRIENTES (IOSCOR),Obra social,Corrientes,null,IOSCOR,Sin especificar,null,null,null
904001,904001,O.S.P. CORDOBA (APROSS),Obra social,Córdoba,null,APROSS,Sin especificar,null,null,null
903001,903001,O.S.P. CATAMARCA (OSEP),Obra social,Catamarca,null,OSEP,Sin especificar,null,null,null
902001,902001,O.S.P. BUENOS AIRES (IOMA),Obra social,Buenos Aires,null,IOMA,Sin especificar,null,null,null
901001,901001,O.S.P. CIUDAD AUT. DE BUENOS AIRES (ObSBA),Obra social,CABA,null,ObSBA,Sin especificar,null,null,null
900102,900102,OBRA SOCIAL DEL PERSONAL DE EMPRESAS FIAT Y EMPRESAS PEUGEOT CITROEN ARGENTINA,Obra social,CABA,CIUDAD DE BUENOS AIRES,OSPEF Y EPCA,"AVDA CORDOBA 487 6º PISO OFICINA ""L""",4 312-8261,4 312-8269,obrasocial@osfp.com.ar
800501,800501,OBRA SOCIAL ACEROS PARANA,Obra social,Buenos Aires,SAN NICOLAS DE LOS ARROYOS,null,AVDA. MORENO 187,03461-425632,03461-43-7600,info@osap.org.ar
800303,800303,OBRA SOCIAL PAPEL MISIONERO S.A.I.F. Y C.,Obra social,Misiones,CAPIOVI,null,PUERTO MINERAL - KM 1457 CAPIOVI,03743-493444,03743-493237,null
800105,800105,OBRA SOCIAL ATANOR S.A,Obra social,Buenos Aires,MUNRO,null,ALBARELLO 4914,4-721-3442,4-721-3440,btapia@atanorsa.com.ar
701002,701002,OBRA SOCIAL PARA EL PERSONAL MUNICIPAL DE TRES DE FEBRERO,Obra social,Buenos Aires,CASEROS,null,AMADEO SABATINI 4661/5,4734-7550,null,osppm3f@arnet.com.ar
700801,700801,OBRA SOCIAL DEL PERSONAL MUNICIPAL DE LA MATANZA,Obra social,Buenos Aires,SAN JUSTO,null,ALMAFUERTE 3160,4651-4441,4651-3347,ospmlm@tutopia.com
700108,700108,OBRA SOCIAL DEL PERSONAL MUNICIPAL DE AVELLANEDA,Obra social,Buenos Aires,AVELLANEDA (AVELLANEDA),null,LAPRIDA 70,4222-3965,4222-6178,ospma@hotmail.com.ar
603100,603100,ASOCIACION DE OBRAS SOCIALES DE TRELEW,Obra social,Chubut,TRELEW,null,CALLE SARMIENTO 426,02965-4-24583,null,null
602602,602602,ASOCIACION DE OBRAS SOCIALES DE SAN JORGE,Obra social,Santa Fe,SAN JORGE,null,EVA PERON 1301,03406-440604,03406-440873,null
602404,602404,ASOCIACION DE OBRAS SOCIALES DE RUFINO,Obra social,Santa Fe,RUFINO,null,GALAN 100,03382-429203,null,null
602305,602305,ASOCIACION DE OBRAS SOCIALES DE ROSARIO,Obra social,Santa Fe,ROSARIO,ADOS ROSARIO,SAN LUIS 1554 PISO 2 LOCAL 19,0341-4117765,null,null
601302,601302,ASOCIACION DE OBRAS SOCIALES DE MAR DEL PLATA,Obra social,Buenos Aires,MAR DEL PLATA  (MAR DEL PLATA),ADOS MAR DEL PLATA,25 DE MAYO 3139,0223-494-8490,null,adosmardelplata@hotmail.com
601203,601203,ASOCIACION DE OBRAS SOCIALES DE GUALEGUAY,Obra social,Entre Ríos,GUALEGUAYCHU,null,25 DE MAYO 530/38,03444-425070,03444-424006,null
601104,601104,ASOCIACION GUALEGUAYCHU DE OBRAS SOCIALES,Obra social,Entre Ríos,GUALEGUAYCHU,null,OLEGARIO V. ANDRADE 1057,03446-4-21370,03446-4-32666,null
600903,600903,ASOCIACION DE OBRAS SOCIALES DE ESPERANZA,Obra social,Santa Fe,ESPERANZA,ADOS ESPERANZA,RIVADAVIA 2499,03496-42-0713,03496-42-1361,null
600408,600408,ASOCIACION DE OBRAS SOCIALES DE COMODORO RIVADAVIA,Obra social,Chubut,COMODORO RIVADAVIA  (COMODORO RIVADAVIA),null,HIPOLITO YRIGOYEN 387,0297-4470022,0297-4463955,infoados@adoscomodoro.org.ar
600309,600309,ASOCIACION DE OBRAS SOCIALES DE BELLA VISTA,Obra social,Corrientes,BELLA VISTA,null,SALTA 801,03777-4-71400,null,null
510303,510303,OBRA SOCIAL DEL PERSONAL DE LA UNIVERSIDAD NACIONAL DEL CENTRO DE DE LA PROVINCIA DE BUENOS AIRES,Obra social,Buenos Aires,TANDIL,null,CALLE YRIGOYEN 566 PB,02293-431289,null,null
510204,510204,OBRA SOCIAL DE LA UNIVERSIDAD NACIONAL DEL LITORAL,Obra social,Santa Fe,SANTA FE,null,9 DE JULIO 2852,0342-4571184,0342-4571185,osunl@gigared.com
510105,510105,OBRA SOCIAL DEL PERSONAL DE LA UNIVERSIDAD NACIONAL DE LA PATAGONIA SAN JUAN BOSCO,Obra social,Chubut,COMODORO RIVADAVIA  (COMODORO RIVADAVIA),null,MITRE 837,0297-446-4444,null,obrasocial@dasu.com.ar
510006,510006,DIRECCION GENERAL DE ASISTENCIA M#DICA SOCIAL UNIVERSITARIA - SAN JUAN,Obra social,San Juan,SAN JUAN,null,RIVADAVIA 431 ESTE,0264-422-4318,0264-422-5194,null
500807,500807,INSTITUTO NACIONAL DE SERVICIOS SOCIALES PARA JUBILADOS Y PENSIONADOS,Obra social,CABA,CIUDAD DE BUENOS AIRES,null,PERU 169 PISO 10 (VER OBSERVACIONES),4-344-8500,null,null
402905,402905,OBRA SOCIAL DE DIRECCIÓN WITCEL,Obra social,CABA,CIUDAD DE BUENOS AIRES,null,BARTOLOME MITRE 1371 5º DTO. P,4372-2096,4372-0538,null
402806,402806,OBRA SOCIAL DE DIRECCION DE LA ACTIVIDAD AEROCOMERCIAL PRIVADA,Obra social,CABA,CIUDAD DE BUENOS AIRES,null,VENEZUELA 900,4-331-6556,null,atencionalbeneficiario@osdaap.com.ar
402707,402707,OBRA SOCIAL DE DIRECCION OSDO,Obra social,CABA,CIUDAD DE BUENOS AIRES,null,SAN MARTIN 523 PISO 4 DTO H,4-393-5750 L.ROTATIV,4393-5644,OSDO@FIBERTEL.COM.AR
402608,402608,"OBRA SOCIAL ASOCIACION DE SERVICIOS SOCIALES PARA EMPRESARIOS Y PERSONAL DE DIRECCION DE EMPRESAS DEL COMERCIO, SERVICIOS, PRODUCCION, INDUSTRIA Y CIVIL (ASSPE)",Obra social,CABA,CIUDAD DE BUENOS AIRES,ASSPE,AV. LEANDRO ALEM 36 PISO 1§,5300-9026,5300-9095,null
402509,402509,OBRA SOCIAL YPF,Obra social,CABA,CIUDAD DE BUENOS AIRES,OSYPF,MACACHA GUEMES 515 1º P,5071-1623,null,evitiellor@ypf.com
402400,402400,OBRA SOCIAL PARA EL PERSONAL DE DIRECCION DE LA INDUSTRIA VITIVINICOLA Y AFINES,Obra social,CABA,CIUDAD DE BUENOS AIRES,OSEDEIV,CACHIMAYO 301,4-432-6372,4988-9440,osedeiv@infovia.com.ar
402301,402301,OBRA SOCIAL ASOCIACION DEL PERSONAL SUPERIOR DE LA ORGANIZACION TECHINT,Obra social,CABA,CIUDAD DE BUENOS AIRES,APSOT,CORDOBA 320 PISO 2,4-018-2500,0800-122-8778,apsot.consultas@apsot.com
402202,402202,OBRA SOCIAL MUTUALIDAD INDUSTRIAL TEXTIL ARGENTINA,Obra social,CABA,CIUDAD DE BUENOS AIRES,OSMITA,PARAGUAY 610 PISO 6,4-313-3111,null,info@osmita.com.ar
402103,402103,OBRA SOCIAL ASOCIACION DEL PERSONAL DE DIRECCION DE LA INDUSTRIA SIDERURGICA,Obra social,CABA,CIUDAD DE BUENOS AIRES,APDIS,AVDA. BELGRANO 367 PISO 5º,4-331-1043/49,null,null
402004,402004,OBRA SOCIAL DEL PERSONAL DE DIRECCION DE LA SANIDAD LUIS PASTEUR,Obra social,CABA,CIUDAD DE BUENOS AIRES,OSLPASTEUR,CALLAO 764/66,4-370-1000,null,info@oslpasteur.com.ar
401902,401902,OBRA SOCIAL DEL PERSONAL DE DIRECCION DE PERFUMERIA E.W. HOPE,Obra social,CABA,CIUDAD DE BUENOS AIRES,WHOPE,AVDA. CORDOBA 1345 PISO 5,4815-0747,null,obrasocial@whope.com.ar
401803,401803,OBRA SOCIAL ASOCIACION MUTUAL DEL PERSONAL DE PHILIPS ARGENTINA (AMPAR),Obra social,CABA,CIUDAD DE BUENOS AIRES,AMPAR,VEDIA 3892,4-546-7781,4-546-7777,obrasocial.ampar@philips.com
401704,401704,"OBRA SOCIAL DE EMPRESARIOS, PROFESIONALES Y MONOTRIBUTISTAS",Obra social,CABA,CIUDAD DE BUENOS AIRES,OSDEPYM,RECONQUISTA 458 PISO 2,5-288-5600,null,info@osdepym.com.ar
401605,401605,OBRA SOCIAL DEL PERSONAL DE DIRECCION DE LA INDUSTRIA PRIVADA DEL PETROLEO,Obra social,CABA,CIUDAD DE BUENOS AIRES,OSDIPP,SAN MARTIN 439 PISO 3,5129-3900,null,gerencia.general@osdipp.com.ar
401308,401308,OBRA SOCIAL PARA EL PERSONAL DE DIRECCION DE LA INDUSTRIA MADERERA,Obra social,CABA,CIUDAD DE BUENOS AIRES,OSMAD,AVDA BELGRANO 748 PISO 10 OF. 103,4-331-9578,4-331-9580,null
401209,401209,OBRA SOCIAL DEL PERSONAL DE DIRECCION DE LA INDUSTRIA METALURGICA Y DEMAS ACTIVIDADES EMPRESARIAS,Obra social,CABA,CIUDAD DE BUENOS AIRES,OSIM,MONTEVIDEO 373 PISO 4§,410-6700,4-374-1000,osim@osim.com.ar
401100,401100,OBRA SOCIAL DEL PERSONAL DE DIRECCION ALFREDO FORTABAT,Obra social,CABA,CIUDAD DE BUENOS AIRES,null,BOUCHARD 680 PISO 4,4-319-3000,4-319-3910,null
401001,401001,OBRA SOCIAL DEL PERSONAL DE DIRECCION DE LAS EMPRESAS QUE ACTUAN EN FRUTOS DEL PAIS,Obra social,CABA,CIUDAD DE BUENOS AIRES,FRUTOS,BALCARCE 880 PISO 1§,4 362-5025,4 362-5300,frutosdelpais@sion.com
400909,400909,OBRA SOCIAL ACCION SOCIAL DE EMPRESARIOS,Obra social,CABA,CIUDAD DE BUENOS AIRES,ASE,LIMA 87 PISO 9º,4-124-2800,4-1243005,ase@ase.com.ar
400800,400800,OBRA SOCIAL DE EJECUTIVOS Y DEL PERSONAL DE DIRECCION DE EMPRESAS,Obra social,CABA,CIUDAD DE BUENOS AIRES,OSDE,AVDA. LEANDRO N. ALEM 1067 PISO 9,4-310-5000,0800-555-6733,gerencia@osde.com.ar
400701,400701,OBRA SOCIAL CAMARA DE LA INDUSTRIA CURTIDORA ARGENTINA,Obra social,CABA,CIUDAD DE BUENOS AIRES,OSCICA,AVDA. BELGRANO 3978,4-981-1816,4-981-4466,null
400602,400602,OBRA SOCIAL DEL PERSONAL DIRECTIVO DE LA INDUSTRIA DE LA CONSTRUCCION,Obra social,CABA,CIUDAD DE BUENOS AIRES,OSDIC,AVDA. ROQUE SAENZ PE¥A 615 - PISO 3º - OF. 324,4-326-8870,4394-7133/4,null
400503,400503,OBRA SOCIAL ASOCIACION DEL PERSONAL DE DIRECCION Y JERARQUICO DE LA INDUSTRIA DEL CIGARRILLO,Obra social,CABA,CIUDAD DE BUENOS AIRES,APDJIC,LAVALLE N§ 445 PISO 4§,4-393-4393,null,apdjic@ba.net
400404,400404,OBRA SOCIAL DEL PERSONAL DE DIRECCION DE LA INDUSTRIA CERVECERA Y MALTERA,Obra social,CABA,CIUDAD DE BUENOS AIRES,SERVESALUD,TUCUMAN 650 PISO 3,4-322-5224,0800-666-5020,sedece@servesalud.com.ar
400305,400305,"OBRA SOCIAL COOPERATIVA LTDA. DE ASISTENCIA MEDICA ,FARMACEUTICA,CREDITO, Y CONSUMO DEL PERSONAL SUPERIOR DE LA INDUSTRIA DEL CAUCHO Y OTRAS ACTIVIDADES INDUSTRIALES",Obra social,CABA,CIUDAD DE BUENOS AIRES,CAMPSIC,DR. EMILIO RAVIGNANI 2540,4-773-5835,null,info@oscampsic.com
400206,400206,OBRA SOCIAL DEL PERSONAL DE DIRECCION DE LA INDUSTRIA AUTOMOTRIZ ARGENTINA,Obra social,CABA,CIUDAD DE BUENOS AIRES,OSPREME,PIEDRAS 1636/40,4307-7542,null,ospreme@speedy.com.ar
400107,400107,OBRA SOCIAL DEL PERSONAL DE DIRECCION DE LAS EMPRESAS DE LA ALIMENTACION Y DEMAS ACTIVIDADES EMPRESARIAS,Obra social,CABA,CIUDAD DE BUENOS AIRES,OPDEA,BERNANDO DE IRIGOYEN 540 PISO 2#,4-338-2400,null,info@opdea.org.ar
304003,304003,OBRA SOCIAL DE VOLKSWAGEN ARGENTINA S.A.,Obra social,CABA,CIUDAD DE BUENOS AIRES,null,MAIPU 267 PISO 11,4-317-9000,4-317-9515,null
303901,303901,OBRA SOCIAL DE FORD AGENTINA S.C.A,Obra social,CABA,CIUDAD DE BUENOS AIRES,null,AVDA DE MAYO 651,4-756-9238,4-756-9328,planmedi@ford.com
303703,303703,OBRA SOCIAL DEL PERSONAL DE PBBPOLISUR SA DE BAHIA BLANCA,Obra social,Buenos Aires,BAHIA BLANCA,null,ALMAFUERTE 29,0291-454-4824,0291-453-8208,ospbb@arnet.com.ar
303406,303406,OBRA SOCIAL DEL PERSONAL SHELL-CAPSA,Obra social,CABA,CIUDAD DE BUENOS AIRES,null,AVDA. PTE. ROQUE SAENZ PE¥A 788,4-328-0444,4-328-0333,silvia_grucci@scapsa.shell.com
303307,303307,OBRA SOCIAL CABOT ARGENTINA,Obra social,Buenos Aires,CAMPANA,null,AVDA. ROCA 189,03489-4-24224,03487-4-26222,null
303109,303109,OBRA SOCIAL SUPERCO,Obra social,CABA,CIUDAD DE BUENOS AIRES,null,CERRITO 1070 PISO 5 OF 95,4-811-4407,4-813-4584,ossuperco@speedy.com.ar
302809,302809,OBRA SOCIAL REFINERIAS DE MAIZ S.A.I.C.F.,Obra social,CABA,CIUDAD DE BUENOS AIRES,OSRM,"CORDOBA 1345 PISO 16 DEPTO ""A""",null,4-815-0747,null
302601,302601,OBRA SOCIAL COOPERATIVA DE ASISTENCIA MUTUA Y TURISMO DEL PERSONAL DE LAS SOCIEDADES PIRELLI LTDA.,Obra social,CABA,CIUDAD DE BUENOS AIRES,COMPIR,PERGAMINO 402,4-612-1643,4-612-2799,compir@speedy.com.ar
302304,302304,OBRA SOCIAL COMPANIA MINERA AGUILAR S.A,Obra social,CABA,CIUDAD DE BUENOS AIRES,null,CORDOBA 883 PISO 11,4-325-9930/33,null,null
302106,302106,"OBRA SOCIAL PARA DIRECTIVOS, TECNICOS Y EMPLEADOS DE JOHN DEERE ARGENTINA",Obra social,Santa Fe,GRANADERO BAIGORRIA,DITEM,JUAN ORSETTI 481,0341-4-101825,0341-4-718001,bue@aguilar-sulfacid.com
301509,301509,OBRA SOCIAL MUTUALIDAD EMPLEADOS FIRESTONE,Obra social,Buenos Aires,LLAVALLOL,null,ANTARTIDA ARGENTINA 2684,4-298-2984,null,null
300704,300704,OBRA SOCIAL CERAS JOHNSON,Obra social,Buenos Aires,PABLO PODESTA,JOHNSON,AV. MARQUEZ 2249,4-841-8242,4841-8000 INT 506,null
200400,200400,OBRA SOCIAL DEL PERSONAL DE LA EMPRESA NACIONAL DE CORREOS Y TELEGRAFOS S.A. Y DE LAS COMUNICACIONES DE LA REPULICA ARGENTINA,Obra social,CABA,CIUDAD DE BUENOS AIRES,OSPEC,MAIPU 39,4-343-0621/26,null,gergral@sinectis.com.ar
128409,128409,"OBRA SOCIAL DEL SINDICATO OBREROS Y EMPLEADOS DE EMPRESAS DE LIMPIEZA,SERVICIOS Y AFINES DE CORDOBA",Obra social,Córdoba,CORDOBA,OSSOELSAC,ENTRE RIOS 372,(0351) 4215431,(0351) 155181407,null
128201,128201,OBRA SOCIAL DEL SINDICATO UNICO DE RECOLECTORES DE RESIDUOS Y BARRIDO DE CORDOBA,Obra social,Córdoba,null,OSSURRBAC,LIMA 342,(0351)152072236,null,¿surrbacinstitucional@gmail.com
128102,128102,OBRA SOCIAL DE LA UNION DE TRABAJADORES DEL INSTITUTO NACIONAL DE SERVICIOS SOCIALES PARA JUBILADOS Y PENSIONADOS DE LA REPUBLICA ARGENTINA,Obra social,CABA,CIUDAD DE BUENOS AIRES,null,PERU(1201-1800),5032-5000,null,null
128003,128003,OBRA SOCIAL DEL PERSONAL DE LA FEDERACION DE SINDICATOS DE LA INDUSTRIA QUIMICAS Y PETROQUIMICAS DE LA REPUBLICA ARGENTINA,Obra social,CABA,CIUDAD DE BUENOS AIRES,null,Pavón(2901-4400),4921-3725,null,festiqypra_tesoreria@live.com.ar
127901,127901,OBRA SOCIAL DE PETROLEROS PRIVADOS,Obra social,Neuquén,NEUQUEN,OS.PE.PRI,SANTA CRUZ 275,(0299)430-0902,(0299) 430-0910,mildepetroleo@speedy.com.ar
127802,127802,OBRA SOCIAL DE LUZ Y FUERZA DE LA PATAGONIA,Obra social,Chubut,COMODORO RIVADAVIA  (COMODORO RIVADAVIA),OSLYF PATAGONIA,MAIPU 1631,0297-4473213,0297-4464832,info@generarsalud.com.ar
127703,127703,"OBRA SOCIAL PERSONAL ESTACIONES DE SERVICIO,GARAGES,PLAYAS Y LAVADEROS DE LA PROVINCIA DEL CHACO",Obra social,Chaco,RESISTENCIA,OSPESCHA,JULIO A. ROCA 755,03722-444011,null,soesgypechaco@gigared.com
127604,127604,OBRA SOCIAL PARA EL PERSONAL DE OBRAS Y SERVICIOS SANITARIOS,Obra social,CABA,CIUDAD DE BUENOS AIRES,OSOSS,AVELLANEDA 212 PISO 3,4 958-2002/04/6,0800-666-7805,presidencia@ososs.com.ar
127505,127505,OBRA SOCIAL DE LAS ASOCIACIONES DE EMPLEADOS DE FARMACIA,Obra social,CABA,CIUDAD DE BUENOS AIRES,OSADEF,RINCON 1035,4941-6330,4941-0003,null
127406,127406,OBRA SOCIAL DE OBREROS Y EMPLEADOS TINTOREROS SOMBREREROS Y LAVADEROS DE LA REPUBLICA ARGENTINA,Obra social,CABA,CIUDAD DE BUENOS AIRES,OSOETSYLARA,CULPINA 25/29,4-612-2000,4-612-3498,null
127307,127307,OBRA SOCIAL DE TRABAJADORES VIALES Y AFINES DE LA REPUBLICA ARGENTINA,Obra social,CABA,CIUDAD DE BUENOS AIRES,null,AVDA BELGRANO 768 PISO 6 L,4-342-5368,null,null
127208,127208,OBRA SOCIAL DE MANDOS MEDIOS DE TELECOMUNICACIONES EN LA REPUBLICA ARGENTINA Y MERCOSUR,Obra social,CABA,CIUDAD DE BUENOS AIRES,OSMMEDT,BELGRANO 3810 1º,null,4-983-8880/8882,upjet@arnet.com.ar
127109,127109,OBRA SOCIAL DEL PERSONAL DE TELECOMUNICACIONES SINDICATO BUENOS AIRES,Obra social,CABA,CIUDAD DE BUENOS AIRES,OSPETELCO,URUGUAY 362 1º,4-373-0311,4-3730311/0248,info@ospetelco.org
127000,127000,OBRA SOCIAL DE TRABAJADORES DE ESTACIONES DE SERVICIO,Obra social,Mendoza,GUAYMALLEN,OSTES,BANDERA DE LOS ANDES 239,0261-431-7309,0261-4326-292,null
126908,126908,OBRA SOCIAL DE LOS MEDICOS DE LA CIUDAD DE BUENOS AIRES,Obra social,CABA,CIUDAD DE BUENOS AIRES,OSMEDICA,HIPÓLITO YRIGOYEN 1264/1270,4-370-1777,5277-8300,obrasocial@osmedica.com.ar
126809,126809,OBRA SOCIAL DE CONDUCTORES DE REMISES Y AUTOS AL INSTANTE Y AFINES,Obra social,CABA,CIUDAD DE BUENOS AIRES,OSCRAIA,CERRITO 228 1º B,4-381-2507,4381-6415,oscraia@live.com.ar
126700,126700,OBRA SOCIAL DEL PERSONAL DE LA ACTIVIDAD AZUCARERA TUCUMANA,Obra social,Tucumán,SAN MIGUEL DE TUCUMAN,null,CONGRESO DE TUCUMAN 341,0381-4225810,0381-4-205151,null
126601,126601,OBRA SOCIAL DEL PERSONAL DE INDUSTRIAS QUIMICAS Y PETROQUIMICAS DE ZARATE CAMPANA,Obra social,Buenos Aires,ZARATE,OPZC,DR FELIX PAGOLA 1712,0387-4-20613,0387-4-22102,hadad@ba.net
126502,126502,OBRA SOCIAL DE LA CONFEDERACION DE OBREROS Y EMPLEADOS MUNICIPALES ARGENTINA (OSCOEMA),Obra social,Buenos Aires,AVELLANEDA (AVELLANEDA),OSCOEMA,MITRE 1601,4203-8856,null,oscoema@gmail.com
126304,126304,OBRA SOCIAL BANCARIA ARGENTINA,Obra social,CABA,CIUDAD DE BUENOS AIRES,OSBA,25 DE MAYO 182,4-340-7300,null,info@osba.com.ar
126205,126205,OBRA SOCIAL DE LOS EMPLEADOS DE COMERCIO Y ACTIVIDADES CIVILES,Obra social,CABA,CIUDAD DE BUENOS AIRES,OSECAC,MORENO 648/50,4-331-1910/1919,4 331-2063,null
126106,126106,OBRA SOCIAL PARA LOS TRABAJADORES DE LA EDUCACION PRIVADA,Obra social,CABA,CIUDAD DE BUENOS AIRES,OSTEP,SALTA 534,4384-0017/18,4381-7637,ostep@infovia.com.ar
126007,126007,OBRA SOCIAL DE LA FEDERACION GREMIAL DE LA INDUSTRIA DE LA CARNE Y SUS DERIVADOS,Obra social,CABA,CIUDAD DE BUENOS AIRES,null,HIPOLITO YRIGOYEN 746,4-378-9400,null,null
125905,125905,OBRA SOCIAL DE ARBITROS DEPORTIVOS DE LA REPUBLICA ARGENTINA,Obra social,CABA,CIUDAD DE BUENOS AIRES,OSADRA,VIAMONTE 1835,4021-9300 AL 9329,null,null
125707,125707,OBRA SOCIAL UNION PERSONAL DE LA UNION DEL PERSONAL CIVIL DE LA NACION,Obra social,CABA,CIUDAD DE BUENOS AIRES,OSPCN,TUCUMAN 949,null,4-321-9400,info@unionpersonal.com.ar
125509,125509,OBRA SOCIAL DE LA FEDERACION ARGENTINA DEL TRABAJADOR DE LAS UNIVERSIDADES NACIONALES,Obra social,CABA,CIUDAD DE BUENOS AIRES,OSFATUN,MEDRANO 843,4867-0816,4-863-2638,null
125301,125301,OBRA SOCIAL FEDERAL DE LA FEDERACION NACIONAL DE TRABAJADORES DE OBRAS SANITARIAS,Obra social,CABA,CIUDAD DE BUENOS AIRES,OSFFENTOS,PASCO 580 - PB,5901-1005/7,5901-1009,osfentos@sinectis.com.ar
125103,125103,OBRA SOCIAL DE LOS PROFESIONALES UNIVERSITARIOS DEL AGUA Y LA ENERGIA ELECTRICA,Obra social,CABA,CIUDAD DE BUENOS AIRES,OSPUAYE,RECONQUISTA 1048 PISO 2,4-312-0409/06,4-312-1111,ospuaye@apuaye.org.ar
125004,125004,OBRA SOCIAL DE YACIMIENTOS CARBONIFEROS,Obra social,CABA,CIUDAD DE BUENOS AIRES,null,24 DE NOVIEMBRE 1126,4957-0882,0800-333-4204,null
124506,124506,OBRA SOCIAL DE TRABAJADORES DE LA INDUSTRIA DEL GAS,Obra social,CABA,CIUDAD DE BUENOS AIRES,OSTIG,BOEDO 90,4-958-0230/1455,4-958-0700/4046,ostig@impsat 1.com.ar.
124001,124001,OBRA SOCIAL DE BOXEADORES AGREMIADOS DE LA REPUBLICA ARGENTINA,Obra social,CABA,CIUDAD DE BUENOS AIRES,OSBARA,MEDRANO 167,4-958-7425,null,null
123909,123909,OBRA SOCIAL DE VENDEDORES AMBULANTES DE LA REPUBLICA ARGENTINA,Obra social,CABA,CIUDAD DE BUENOS AIRES,OSVARA,GALLO 443,4-866-5482,4-866-5478,null
123701,123701,OBRA SOCIAL DE PEONES DE TAXIS DE LA CAPITAL FEDERAL,Obra social,CABA,CIUDAD DE BUENOS AIRES,OSPETAX,AVDA LA PLATA 1554/60/62/64,4-920-7000,4-920-7100,sindicato taxis@speedy.com.ar
123602,123602,OBRA SOCIAL DE TRABAJADORES DE PERKINS ARGENTINA S.A.I.C,Obra social,Córdoba,CORDOBA,OSTP,ROQUE SAENZ PEÑA 1377,0351-4-715738,0351-4713240,obrasocialperkins@hotmail.com
123503,123503,OBRA SOCIAL DEL PERSONAL DE PRENSA DE TUCUMAN,Obra social,Tucumán,SAN MIGUEL DE TUCUMAN,OSPRENTUC,JUNIN 775,0381-431-0941,0381-430-5567,osprentuc@yahoo.com
123404,123404,OBRA SOCIAL DEL PERSONAL DE PRENSA DE ROSARIO,Obra social,Santa Fe,ROSARIO,OSPRO,JUAN MANUEL DE ROSAS 958,0341-4-445918,0341-4-408292,ospro@arnet.com.ar
123305,123305,OBRA SOCIAL DEL PERSONAL DE SOCIEDADES DE AUTORES Y AFINES,Obra social,CABA,CIUDAD DE BUENOS AIRES,OSPESA,LAVALLE 1576 PISO 1,4-374-4452/4863,4-373-1140,ospesa@infovia.com.ar
123107,123107,OBRA SOCIAL DE TALLERISTAS A DOMICILIO,Obra social,CABA,CIUDAD DE BUENOS AIRES,OSTAD,ACEVEDO 553,4-854-4708,4-854-3506,null
123008,123008,"OBRA SOCIAL PARA EL PERSONAL DE ESTACIONES DE SERVICIO, GARAGES, PLAYAS DE ESTACIONAMIENTO, LAVADEROS AUTOMATICOS Y GOMERIAS DE LA REPUBLICA ARGENTINA",Obra social,CABA,CIUDAD DE BUENOS AIRES,OSPES,"AVDA. JUJUY 110 PISO 3 DTOS A , B",4956-0954,4956-0321,central@ospes.org.ar
122906,122906,"OBRA SOCIAL DEL PERSONAL DE ESTACIONES DE SERVICIO, GARAGES, PLAYAS Y LAVADEROS AUTOMATICOS DE LA PROVINCIA DE SANTA FE",Obra social,Santa Fe,ROSARIO,OSPESGA,RIOBAMBA 1069,0341-4-826705,0341-4-815552,ospesgaros@arnet.com.ar
122807,122807,"OBRA SOCIAL DEL PERSONAL DE VIGILANCIA Y SEGURIDAD COMERCIAL, INDUSTRIAL E INVESTIGACIONES PRIVADAS DE CORDOBA",Obra social,Córdoba,CORDOBA,OSPEVIC,FAUSTINO ALLENDE 189 - BARRIO INDEPENDENCIA,null,0351-471-5924,ospevic@ospevic.org.ar
122609,122609,OBRA SOCIAL DEL PERSONAL DE LA ACTIVIDAD VITIVINICOLA,Obra social,CABA,CIUDAD DE BUENOS AIRES,OSPAV,WARNES 1894,4-583-7894,4-582-0579,info@ospav.com.ar
122500,122500,OBRA SOCIAL DEL PERSONAL DE LA INDUSTRIA DEL VIDRIO,Obra social,CABA,CIUDAD DE BUENOS AIRES,OSPIV,BALBASTRO 453,4-924-4626,4-924-4417,null
122401,122401,OBRA SOCIAL DE EMPLEADOS DE LA INDUSTRIA DEL VIDRIO,Obra social,CABA,CIUDAD DE BUENOS AIRES,OSEIV,CARABOBO 217,4-631-1042,4-631-9205,oseiv@ciudad.com.ar
122302,122302,OBRA SOCIAL DEL PERSONAL DE LA ACTIVIDAD VIAL,Obra social,CABA,CIUDAD DE BUENOS AIRES,OSPA-VIAL,AVDA. DE MAYO 1439,4 382-3863,4-381-7714,ospacentral@yahoo.com.ar
122104,122104,OBRA SOCIAL DE VIAJANTES VENDEDORES DE LA REPUBLICA ARGENTINA. (ANDAR),Obra social,CABA,CIUDAD DE BUENOS AIRES,OSVVRA,MORENO 2045,5237-1900,null,info@redsocialfuva.com.ar
122005,122005,OBRA SOCIAL DEL PERSONAL DE LA INDUSTRIA DEL VESTIDO,Obra social,CABA,CIUDAD DE BUENOS AIRES,OSPIV,TUCUMAN 737,4-393-7114,4-322-0463,factempospiv@ciudad.com.ar
121903,121903,OBRA SOCIAL DE VAREADORES,Obra social,Buenos Aires,MARTINEZ,null,ENTRE RIOS 1395,4-792-2934,4-793-1903,null
121804,121804,OBRA SOCIAL CONDUCTORES DE TAXIS DE CORDOBA,Obra social,Córdoba,CORDOBA,OSTC,SAN LUIS 373 - B. GUEMES,0351-4247799,0351-4213888,osct-cba@hotmaail.com.ar
121705,121705,OBRA SOCIAL DEL PERSONAL DE LA ACTIVIDAD DEL TURF,Obra social,CABA,CIUDAD DE BUENOS AIRES,OSPAT,FLORIDA 15 PISO 6 OF 10 B,4-343-5171,4-343-7607,null
121606,121606,OBRA SOCIAL DE CONDUCTORES DE TRANSPORTE COLECTIVO DE PASAJEROS,Obra social,CABA,CIUDAD DE BUENOS AIRES,null,MORENO 2969,4-931-5452,4-931-2144,null
121507,121507,OBRA SOCIAL DE LA INDUSTRIA DEL TRANSPORTE AUTOMOTOR DE CORDOBA,Obra social,Córdoba,CORDOBA,OSITAC,PARANA 327,0351-4-238798,null,aoita@ositac.org.ar
121309,121309,OBRA SOCIAL DEL PERSONAL DE LA INDUSTRIA DEL TRACTOR,Obra social,Santa Fe,ROSARIO,OSPIT,SAN LORENZO 2181,0341-410-1825,0341-410-1800/1/2,null
121101,121101,OBRA SOCIAL DE EMPLEADOS TEXTILES Y AFINES,Obra social,CABA,CIUDAD DE BUENOS AIRES,OSETYA,BENITO QUINQUELA MARTIN 1738,4-301-4175/78,null,informes@osetya.com.ar
121002,121002,OBRA SOCIAL DEL PERSONAL DE LA INDUSTRIA TEXTIL,Obra social,CABA,CIUDAD DE BUENOS AIRES,OSPIT,AVDA. LA PLATA 754,4-921-4061/63,null,ospit@aotra.com.ar
120900,120900,OBRA SOCIAL DEL PERSONAL DE TELEVISION,Obra social,CABA,CIUDAD DE BUENOS AIRES,OSPTV,QUINTINO BOCAYUVA 38/50,5-555-3100,0800-288-8872,info@tvsalud.com.ar
120801,120801,OBRA SOCIAL DE TRABAJADORES DE LAS COMUNICACIONES,Obra social,CABA,CIUDAD DE BUENOS AIRES,OSTRAC,CHACABUCO 140,4-345-0084,4-342-5142,ostrac@infovia.com.ar
120702,120702,OBRA SOCIAL DEL PERSONAL DE LAS TELECOMUNICACIONES DE LA REPUBLICA ARGENTINA,Obra social,CABA,CIUDAD DE BUENOS AIRES,OSTEL,GRAL. JUAN D. PERON 2740,4-954-5200,4-954-6400,compras@ostel.org
120603,120603,OBRA SOCIAL DE EMPLEADOS DEL TABACO DE LA REPUBLICA ARGENTINA,Obra social,CABA,CIUDAD DE BUENOS AIRES,OSETRA,BOLIVIA 384,4-637-3232,4-637-3236,osetra@advancedsl.com.ar
120504,120504,OBRA SOCIAL DEL PERSONAL DE LA INDUSTRIA DEL TABACO,Obra social,CABA,CIUDAD DE BUENOS AIRES,OSPIT,ESTEBAN BONORINO 281,4-613-9183,4-613-0804,ospitabaco@infovia.com.ar
120405,120405,OBRA SOCIAL DEL PERSONAL DE DIRECCION DE LA EMPRESA SUBTERRANEOS DE BUENOS AIRES,Obra social,CABA,CIUDAD DE BUENOS AIRES,OSPDESBA,BARTOLOME MITRE 2051 1*PISO,4-953-0525,4-952-4463,ospdesba@speedy.com.ar
120306,120306,OBRA SOCIAL DEL PERSONAL DE SUPERVISION DE LA EMPRESA SUBTERRANEOS DE BUENOS AIRES,Obra social,CABA,CIUDAD DE BUENOS AIRES,OSPSESBA,EMILIO MITRE 582,4-433-0833,null,ospesba@fibertel.com.ar
119906,119906,OBRA SOCIAL DE SERENOS DE BUQUES,Obra social,CABA,CIUDAD DE BUENOS AIRES,null,TACUARI 1122,5-276-4700,null,ossdeb@fideisalud.com.ar
119708,119708,"OBRA SOCIAL DEL PERSONAL DE SEGURIDAD COMERCIAL, INDUSTRIAL E INVESTIGACIONES PRIVADAS",Obra social,CABA,CIUDAD DE BUENOS AIRES,OSPSIP,TUCUMAN 3689,4-959-6500,null,info@opsip.org.ar
119609,119609,OBRA SOCIAL DEL PERSONAL DE INSTALACIONES SANITARIAS,Obra social,CABA,CIUDAD DE BUENOS AIRES,OSPIS,PASCO Nº 1040,4-941-7456,4943-6109,ospis@fibertel.com.ar
119500,119500,OBRA SOCIAL DEL PERSONAL DE LA SANIDAD ARGENTINA,Obra social,CABA,CIUDAD DE BUENOS AIRES,OSPSA,DEAN FUNES 1242,4-308-2550,4-308-2540,null
119302,119302,OBRA SOCIAL DEL PERSONAL RURAL Y ESTIBADORES DE LA REPUBLICA ARGENTINA,Obra social,CABA,CIUDAD DE BUENOS AIRES,OSPRERA,RECONQUISTA 630,4-312-2500,null,null
119203,119203,OBRA SOCIAL DE RELOJEROS Y JOYEROS,Obra social,CABA,CIUDAD DE BUENOS AIRES,OSRJA,VALENTIN GOMEZ 3828,4-867-5420,4-866-1481,osrja@yahoo.com.ar
119005,119005,OBRA SOCIAL DEL PERSONAL DE REFINERIAS DE MAIZ,Obra social,Buenos Aires,BARADERO,null,ANCHORENA 1429,03329-4-83874,null,Osprem@arnetbiz.com.ar
118903,118903,OBRA SOCIAL DEL PERSONAL DE RECOLECCION Y BARRIDO DE ROSARIO,Obra social,Santa Fe,ROSARIO,null,BUENOS AIRES 1635,0341-4-248702,0341-4-484406,osprbyl@arnet.com.ar
118804,118804,OBRA SOCIAL DE RECIBIDORES DE GRANOS Y ANEXOS,Obra social,CABA,CIUDAD DE BUENOS AIRES,OSRGA,AVDA BELGRANO 510 PISO 5,4-137-5646/7/8/9,null,null
118705,118705,OBRA SOCIAL DEL PERSONAL DE INDUSTRIAS QUIMICAS Y PETROQUIMICAS,Obra social,CABA,CIUDAD DE BUENOS AIRES,OSPIQYP,MEXICO 1474,4-384-5700,4384-5824/5805,null
118606,118606,OBRA SOCIAL DEL PERSONAL DE LA PUBLICIDAD,Obra social,CABA,CIUDAD DE BUENOS AIRES,OSPP,AVDA CORDOBA 1576,4-811-7416,4-813-5058,ospp@ciudad.com.ar
118507,118507,OBRA SOCIAL DE AGENTES DE PROPAGANDA MEDICA DE ROSARIO,Obra social,Santa Fe,ROSARIO,null,LAPRIDA 1063,0341-4495597,0341-4400220,apmsalud@osapmr.com.ar
118408,118408,OBRA SOCIAL DE AGENTES DE PROPAGANDA MEDICA DE ENTRE RIOS,Obra social,Entre Ríos,PARANA,OSAPMER,LA PAZ 134,0343-4-316507,0343-4-225534,apmentrario@infovia.com.ar
118309,118309,OBRA SOCIAL DE AGENTES DE PROPAGANDA MEDICA DE CORDOBA,Obra social,Córdoba,CORDOBA,null,PARANA 343,0351-4-210496,0351-4-223654,osapm@arnet.com.ar
118200,118200,OBRA SOCIAL DE AGENTES DE PROPAGANDA MEDICA DE LA REPUBLICA ARGENTINA,Obra social,CABA,CIUDAD DE BUENOS AIRES,OSAPM,AVELLANEDA 2144,4-633-7878,null,obra_social@apm.org.ar
118002,118002,OBRA SOCIAL DE EMPLEADOS DE PRENSA DE CORDOBA,Obra social,Córdoba,CORDOBA,OSEPC,OBISPO TREJO 365,0351-4-243517,0351-4-229214,osepc@onenet.com.ar
117801,117801, OBRA SOCIAL DEL PERSONAL DE PRENSA DE MENDOZA,Obra social,Mendoza,MENDOZA,null,CHILE 1661,0261-4-251179,0261-4-251469,prensaludmza@hprensaludmza.org.ar
117702,117702,OBRA SOCIAL DEL PERSONAL DE PRENSA DE MAR DEL PLATA,Obra social,Buenos Aires,MAR DEL PLATA  (MAR DEL PLATA),OSPREN,DORREGO 1734,0223-4-734394,null,ospren@ospren.org.ar
117603,117603,OBRA SOCIAL DEL PERSONAL DE PRENSA DE LA PROVINCIA DE CHACO,Obra social,Chaco,RESISTENCIA,OSPPCHA,JOSE HERNANDEZ 212,03722-4-22960,null,null
117405,117405,OBRA SOCIAL DEL PERSONAL DE PRENSA DE BAHIA BLANCA,Obra social,Buenos Aires,BAHÍA BLANCA (BAHÍA BLANCA),null,LAMADRID 266,0291-4-562760,0291-4560106,prensabblanca@bvconline.com.ar
117207,117207,OBRA SOCIAL DEL PERSONAL DE PRENSA DE LA REPUBLICA ARGENTINA,Obra social,CABA,CIUDAD DE BUENOS AIRES,OSPPRA,SOLIS 1158 PISO 3§,4-305-6768,4-305-3018,info@osppra.com.ar
116709,116709,OBRA SOCIAL PORTUARIOS DE PUERTO SAN MARTIN Y BELLA VISTA,Obra social,Santa Fe,PUERTO GENERAL SAN MARTIN,null,CAYETANO NERBUTTI 256,03476-4-27643,null,obrasocial@cooportuaria.com
116204,116204,OBRA SOCIAL DE PORTUARIOS ARGENTINOS,Obra social,CABA,CIUDAD DE BUENOS AIRES,OSPA,BOLIVAR 839,4-369-4132,4-369-4133,ospabue@infovia.com.ar
116105,116105,OBRA SOCIAL DE CAPATACES ESTIBADORES PORTUARIOS,Obra social,CABA,CIUDAD DE BUENOS AIRES,OSCEP,PINZON 1012/1016,4302-4640,4 302-5770,capatacesport@hotmail.com
116006,116006,OBRA SOCIAL DEL PERSONAL DE LA INDUSTRIA DEL PLASTICO,Obra social,CABA,CIUDAD DE BUENOS AIRES,OSPIP,PAVON 4175,5-168-3200,null,null
115805,115805,OBRA SOCIAL DEL PERSONAL DE FABRICAS DE PINTURA,Obra social,CABA,CIUDAD DE BUENOS AIRES,UPFPARA,NAZCA 845,4-612-7826,4613-1979,ospfp@comnet.com.ar
115706,115706,OBRA SOCIAL PARA PILOTOS DE LINEAS AEREAS COMERCIALES Y REGULARES,Obra social,CABA,CIUDAD DE BUENOS AIRES,OSPLA,LEZICA 4047,4-958-2959,4-958-2956,ospla@ospla.org.ar
115607,115607,OBRA SOCIAL DEL PERSONAL DE LA INDUSTRIA PETROQUIMICA,Obra social,Santa Fe,SAN LORENZO,OSPIP,AVDA. SAN MARTIN 698 PA,03476-4-22607,03476-4-23356,administracion@ospip-os.com.ar
115508,115508,OBRA SOCIAL DE PETROLEROS DE CORDOBA,Obra social,Córdoba,null,O.S.PE.COR,AYACUCHO 575 -BARRIO. GRAL. GUEMES,0351-4-204444,null,afiliados@ospecor.com.ar
115409,115409,OBRA SOCIAL DEL PETROLEO Y GAS PRIVADO,Obra social,CABA,CIUDAD DE BUENOS AIRES,OSPEGAP,AV. CASEROS 715,4-300-5010/0523,4-300-0491,ospegap@petroleoygas.com.ar
115300,115300,OBRA SOCIAL DE PETROLEROS,Obra social,CABA,CIUDAD DE BUENOS AIRES,OSPE,AVDA. L. ALEM 690 1º PISO,5254-5100,null,null
115201,115201,OBRA SOCIAL DEL PERSONAL DE LA INDUSTRIA DEL PESCADO DE MAR DEL PLATA,Obra social,Buenos Aires,MAR DEL PLATA,OSPIP,12 DE OCTUBRE 4445,0223-4-800554,0223-4-918133,null
115102,115102,OBRA SOCIAL DE TRABAJADORES DE PRENSA DE BUENOS AIRES,Obra social,CABA,CIUDAD DE BUENOS AIRES,OSTPBA,PTE J.D. PERON 1173,5-218-2832/39,null,raulbarr22@hotmail.com
115003,115003,OBRA SOCIAL DEL PERSONAL DE LA ACTIVIDAD PERFUMISTA,Obra social,CABA,CIUDAD DE BUENOS AIRES,OSPAP,TREINTA Y TRES ORIENTALES 148,4-981-1477,4-981-0859,ospap@hotmail.com
114901,114901,OBRA SOCIAL DE OFICIALES PELUQUEROS Y PEINADORES DE ROSARIO,Obra social,Santa Fe,ROSARIO,OSOFPP DE ROSARIO,MONTEVIDEO 1488,0341-4-488998,null,null
114703,114703,"OBRA SOCIAL DEL PERSONAL DE PELUQUERIAS, ESTETICAS Y AFINES",Obra social,CABA,CIUDAD DE BUENOS AIRES,OSPPEA,AYACUCHO 838,4-965-2100,null,obrasocial@peluquerosargentinos.com
114505,114505,OBRA SOCIAL DE PATRONES DE CABOTAJE DE RIOS Y PUERTOS,Obra social,CABA,CIUDAD DE BUENOS AIRES,null,GUALEGUAY 1255 / 57,4361-9118,4361-9891,null
114307,114307,"OBRA SOCIAL TRABAJADORES PASTELEROS, CONFITEROS, PIZZEROS , HELADEROS Y ALFAJOREROS DE LA REPUBLICA ARGENTINA",Obra social,CABA,CIUDAD DE BUENOS AIRES,OSTPCHPYARA,BOGADO 4541,4-864-1799,4-861-7493,fatpchpya@infovia.com.ar
114208,114208,OBRA SOCIAL DE LA INDUSTRIA DE PASTAS ALIMENTICIAS,Obra social,CABA,CIUDAD DE BUENOS AIRES,OSIPA,AVDA.. BELGRANO 4280,4-981-4776,4-981-5015,stipa@arnet.com.ar
114109,114109,"OBRA SOCIAL DEL PERSONAL DEL PAPEL, CARTON Y QUIMICOS",Obra social,CABA,CIUDAD DE BUENOS AIRES,OSPPCYQ,OSVALDO CRUZ 2075,4126-0900,null,info@ospapel.org.ar
114000,114000,"OBRA SOCIAL DE PANADEROS, PASTELEROS Y FACTUREROS DE ENTRE RIOS",Obra social,Entre Ríos,CONCORDIA,OSSPYFER,VELEZ SARSFIELD 447/49,0345-4-214266,0345-4-222615,null
113908,113908,OBRA SOCIAL DEL PERSONAL DE PANADERIAS,Obra social,CABA,CIUDAD DE BUENOS AIRES,OSPEP,BOEDO 168,4-957-1800,4-957-3100/7728/1533,ospep@ciudad.com.ar
113809,113809,OBRA SOCIAL DE COMISARIOS NAVALES,Obra social,CABA,CIUDAD DE BUENOS AIRES,null,BERNARDO DE IRIGOYEN 840,4-300-7033,4-300-7034,null
113700,113700,OBRA SOCIAL DEL PERSONAL DE LA INDUSTRIA NAVAL,Obra social,Buenos Aires,TIGRE (TIGRE),OSPIN,CHACABUCO 528,4-749-2115,4-749-0592,osnavales@yahoo.com.ar
113601,113601,OBRA SOCIAL DEL PERSONAL DE LA INDUSTRIA DEL NEUMATICO,Obra social,CABA,CIUDAD DE BUENOS AIRES,OSPIN,JUJUY 995,4-943-1189,4-943-1703,ospin@sinectis.com.ar
113403,113403,OBRA SOCIAL DEL PERSONAL NAVAL,Obra social,CABA,CIUDAD DE BUENOS AIRES,OSPENA,JUAN DE DIOS FILIBERTO 914,4-301-7697,4-301-7067,ospena1340@hotmail.com
113304,113304,OBRA SOCIAL DE JEFES Y OFICIALES MAQUINISTAS NAVALES,Obra social,CABA,CIUDAD DE BUENOS AIRES,OSJOMN,LIBERTAD 1668,4-815-3302,4-815-3102,obrasocial@maquinaval.com.ar
113205,113205,OBRA SOCIAL DE JEFES Y OFICIALES NAVALES DE RADIOCOMUNICACIONES,Obra social,CABA,CIUDAD DE BUENOS AIRES,OSJONR,24 DE NOVIEMBRE 643/5,4-931-5178,4932-8079,radionaval@arnet.com.ar
112806,112806,OBRA SOCIAL DE MUSICOS,Obra social,CABA,CIUDAD DE BUENOS AIRES,OSDEM,AVDA. BELGRANO 3655,4-931-4453,4-931-6621,sadem@interlink.com.ar
112707,112707,OBRA SOCIAL DEL PERSONAL MOSAISTA,Obra social,CABA,CIUDAD DE BUENOS AIRES,OSPM,QUIRNO 89,4-619-0208,4-619-0209,mosaistas@hotmail.com
112608,112608,OBRA SOCIAL DEL PERSONAL DE LA INDUSTRIA MOLINERA,Obra social,CABA,CIUDAD DE BUENOS AIRES,OSPIM,MEXICO 2070,4-942-6734,4-942-7491,null
112509,112509,OBRA SOCIAL MODELOS ARGENTINOS,Obra social,CABA,CIUDAD DE BUENOS AIRES,OSMA,AVDA. CORRIENTES 1622 - PISO 1,4-371-2502,4-372-7823,osmodelos@fibertel.com.ar
112400,112400,OBRA SOCIAL DE LA ACTIVIDAD MINERA,Obra social,CABA,CIUDAD DE BUENOS AIRES,O.S.A.M.,ROSARIO 434/36,4-901-3277,4-902-5983,null
112301,112301,OBRA SOCIAL DEL PERSONAL DE MICROS Y OMNIBUS DE MENDOZA,Obra social,Mendoza,MENDOZA,OSPEMOM,CATAMARCA 382,0261-4-203283,0261-4-203342,ospemom@ospemom.org.ar
112202,112202,OBRA SOCIAL DE LOS SUPERVISORES DE LA INDUSTRIA METALMECANICA DE LA REPUBLICA ARGENTINA,Obra social,CABA,CIUDAD DE BUENOS AIRES,OSSIMRA,AZCUENAGA 1234,4-823-3071/75,4-823-5062/63,asinra@arnet.com.ar
112103,112103,OBRA SOCIAL DE LA UNION OBRERA METALURGICA DE LA REPUBLICA ARGENTINA,Obra social,CABA,CIUDAD DE BUENOS AIRES,OSUOMRA,ALSINA 485 - PISO 4,6345-5152/27/60,6345-5000,null
112004,112004,OBRA SOCIAL DEL PERSONAL SUPERIOR MERCEDES BENZ ARGENTINA,Obra social,CABA,CIUDAD DE BUENOS AIRES,OSPS MERCEDES,AVDA. RIVADAVIA 10964,4-641-7479,4-643-0326,obrasocial@apsmda.com.ar
111902,111902,OBRA SOCIAL DEL SINDICATO DE MECANICOS Y AFINES DEL TRANSPORTE AUTOMOTOR,Obra social,CABA,CIUDAD DE BUENOS AIRES,OSMATA,AVDA. BELGRANO 665 PISO 8,4-334-6825,4-334-1919,null
111803,111803,OBRA SOCIAL DEL PERSONAL MARITIMO,Obra social,CABA,CIUDAD DE BUENOS AIRES,OSPM,VENEZUELA 1427,4-381-2486,4-381-4362,ospm@teletel.com.ar
111704,111704,OBRA SOCIAL DE ENCARGADOS APUNTADORES MARITIMOS,Obra social,CABA,CIUDAD DE BUENOS AIRES,OSEAM,MEXICO 2183 DTO A,4-941-8327,4-941-8264,oseam@speedy.com.ar
111605,111605,OBRA SOCIAL DE EMPLEADOS DE LA MARINA MERCANTE,Obra social,CABA,CIUDAD DE BUENOS AIRES,OSEMM,AVDA .BELGRANO 1345/51 NUEVO: BARTOLOME MITRE 3776,4981-8181,null,null
111506,111506,OBRA SOCIAL DE CAPITANES BAQUEANOS FLUVIALES DE LA MARINA MERCANTE,Obra social,CABA,CIUDAD DE BUENOS AIRES,OSCAPBAQFLU,ARISTOBULO DEL VALLE 319,4-362-8084,4-362-3242,null
111407,111407,OBRA SOCIAL DE CAPITANES DE ULTRAMAR Y OFICIALES DE LA MARINA MERCANTE,Obra social,CABA,CIUDAD DE BUENOS AIRES,OSCOMM,PERU 779,4-300-9700/03,null,oscomm@ciudad.com.ar
111308,111308,OBRA SOCIAL DE MAQUINISTAS DE TEATRO Y TELEVISION,Obra social,CABA,CIUDAD DE BUENOS AIRES,null,URUGUAY 239 PISO 2 DPTO A,4-371-7717,null,osmtt@infovia.com.ar
111209,111209,OBRA SOCIAL DEL PERSONAL DE MAESTRANZA,Obra social,CABA,CIUDAD DE BUENOS AIRES,OSPM,ALZAGA 2271,4-924-6045/47,4-923-8900,s-o-m@satlink.com
111001,111001,OBRA SOCIAL DEL PERSONAL DE LA INDUSTRIA MADERERA,Obra social,CABA,CIUDAD DE BUENOS AIRES,OSPIM,ROJAS 254,4-431-4791,4-431-4089,null
110909,110909,OBRA SOCIAL DEL PERSONAL DE LUZ Y FUERZA DE CORDOBA,Obra social,Córdoba,CORDOBA,OSLYF,AVDA. GRAL PAZ 282 PISO 4,0351-4-238027,0351-4-214633,null
110800,110800,OBRA SOCIAL DE LOS TRABAJADORES DE LAS EMPRESAS DE ELECTRICIDAD,Obra social,CABA,CIUDAD DE BUENOS AIRES,OSTEE,HUMBERTO 1º 434,5168-2600,5168-2601,obrasocial@osteeluzmedica.com.ar
110701,110701,OBRA SOCIAL DE LA FEDERACION ARGENTINA DE TRABAJADORES DE LUZ Y FUERZA,Obra social,CABA,CIUDAD DE BUENOS AIRES,OSFATLYF,LIMA 163 4° PISO,4-383-4541,4383-5498,bettinottir@osfatlyf_salud.com.ar
110602,110602,OBRA SOCIAL DE LOCUTORES,Obra social,CABA,CIUDAD DE BUENOS AIRES,OSDEL,VIDT 2011,4-827-4611,4-827-4599,locutores@sinectis.com.ar
110503,110503,OBRA SOCIAL DEL PERSONAL DE LA INDUSTRIA LECHERA,Obra social,CABA,CIUDAD DE BUENOS AIRES,OSPIL,AVDA. HIPOLITO YRIGOYEN 4054,4-883-9200,null,obrasocial@atilra.org.ar
110404,110404,OBRA SOCIAL DEL PERSONAL DE LA INDUSTRIA LADRILLERA A MAQUINA,Obra social,Buenos Aires,GENERAL SAN MARTÍN,OSPILM,RIVADAVIA 3521,4-755-1454,4713-6209,ospilm@ciudad.com.ar
110305,110305,OBRA SOCIAL DEL PERSONAL LADRILLERO,Obra social,Buenos Aires,CIUDADELA,OSPL,MUÑOZ 3611,4653-8358,4657-8457,autorizacionesospl@live.com.ar
110206,110206,OBRA SOCIAL DEL PERSONAL DEL JOCKEY CLUB DE ROSARIO,Obra social,Santa Fe,ROSARIO,null,OVIDIO LAGOS 1571,0341-4-219301,0341-4-491065,null
110107,110107,"OBRA SOCIAL DE JARDINEROS, PARQUISTAS, VIVERISTAS Y FLORICULTORES DE LA REPUBLICA ARGENTINA",Obra social,CABA,CIUDAD DE BUENOS AIRES,OSJPVYF,LUIS SAENZ PE¥A 480,4383-6825,4381-7475,osjard@grupoa.com.ar
110008,110008,OBRA SOCIAL DEL PERSONAL DE JABONEROS,Obra social,CABA,CIUDAD DE BUENOS AIRES,OSPEJ,SARMIENTO 1113 PISO 8 B,4-383-2986,4-383-2985,ospej11000-8@ciudad.com.ar
109707,109707,"OBRA SOCIAL DEL PERSONAL DE IMPRENTA, DIARIOS Y AFINES",Obra social,CABA,CIUDAD DE BUENOS AIRES,OSPIDA,SAN JOSE 157,4-382-2051,4-382-2045,ospida@ospida.org.ar
109608,109608,OBRA SOCIAL DEL PERSONAL MENSUALIZADO DEL JOCKEY CLUB DE BUENOS AIRES Y LOS HIPODROMOS DE PALERMO Y SAN ISIDRO,Obra social,CABA,CIUDAD DE BUENOS AIRES,null,AVDA. CABILDO 4193,4 702-7948,4 703-4765,null
109509,109509,OBRA SOCIAL DEL PERSONAL DE LOS HIPODROMOS DE BUENOS AIRES Y SAN ISIDRO,Obra social,CABA,CIUDAD DE BUENOS AIRES,OSPHGBAYSI,JURAMENTO 1590 PISO 1,4-786-9889,4-788-3883,osphbaysi@fibertel.com.ar.
109400,109400,OBRA SOCIAL DEL PERSONAL DE LA INDUSTRIA DEL HIELO Y MERCADOS PARTICULARES,Obra social,CABA,CIUDAD DE BUENOS AIRES,OSPIHMP,COLOMBRES 1573,4-921-6419,4-923-5372,ospihmp@speedy.com.ar
109301,109301,OBRA SOCIAL DEL PERSONAL DE CONSIGNATARIOS DEL MERCADO NACIONAL DE HACIENDA DE LINIERS,Obra social,CABA,CIUDAD DE BUENOS AIRES,null,LISANDRO DE LA TORRE 2337/9,4-687-8683,null,null
109202,109202,OBRA SOCIAL DE GUINCHEROS Y MAQUINISTAS DE GRUAS MOVILES,Obra social,CABA,CIUDAD DE BUENOS AIRES,null,MONTES DE OCA 1648,4-301-0048,4-301-4823,osguincheros@compulogic.com.ar
109004,109004,OBRA SOCIAL DEL PERSONAL GRAFICO,Obra social,CABA,CIUDAD DE BUENOS AIRES,OSPG,AVDA. BELGRANO 2530,4-308-2678,4-308-2679,null
108803,108803,"OBRA SOCIAL DEL PERSONAL DEL TURISMO, HOTELERO Y GASTRONOMICO DE LA UNION DE TRABAJADORES DEL TURISMO HOTELEROS Y GASTRONOMICOS DE LA REPUBLICA ARGENTINA",Obra social,CABA,CIUDAD DE BUENOS AIRES,OSUTHGRA,AVDA. DE MAYO 930,4341-8020,4341-8090,info@uthgra.org.ar
108704,108704,OBRA SOCIAL DE TECNICOS DE FUTBOL,Obra social,CABA,CIUDAD DE BUENOS AIRES,OSTECF,VIAMONTE 1328 PB PISO 1,4-371-3969,4-371-8105,null
108605,108605,OBRA SOCIAL DE FUTBOLISTAS,Obra social,CABA,CIUDAD DE BUENOS AIRES,FAA,SALTA 1144,4-305-3426,null,agremiados@infovia.com.ar
108506,108506,"OBRA SOCIAL DEL PERSONAL DE MANIPULEO, EMPAQUE Y EXPEDICION DE FRUTA FRESCA Y HORTALIZAS DE CUYO",Obra social,Mendoza,MENDOZA,OSFYHC,MONTECASEROS 1147,0261-4-299591,0261-423-8440,null
108407,108407,OBRA SOCIAL DEL PERSONAL DE LA ACTIVIDAD FRUTICOLA,Obra social,Entre Ríos,CONCORDIA,OSPAF,SAAVEDRA 121,0345-4229579,null,OSPAF@YAHOO.COM.AR
108209,108209,OBRA SOCIAL DE FOTOGRAFOS,Obra social,CABA,CIUDAD DE BUENOS AIRES,OSFOT,PRINGLES 1090/92,4-867-3990,4-867-2102,osfot@speedy.com.ar
108100,108100,"OBRA SOCIAL DEL PERSONAL DE LA INDUSTRIA DEL FOSFORO, ENCENDIDO Y AFINES",Obra social,Buenos Aires,AVELLANEDA (AVELLANEDA),OSPIF,MARCONI 652,4-201-3250,null,osfosforo@hotmail.com
108001,108001,OBRA SOCIAL DEL PERSONAL DE LA INDUSTRIA FORESTAL DE SANTIAGO DEL ESTERO,Obra social,Santiago del Estero,SANTIAGO DEL ESTERO,OSPIFSE,MISIONES 332,0385-4-211877,0385-4-214030,ingresos@ospifse.com.ar
107909,107909,OBRA SOCIAL DEL PERSONAL DE LA INDUSTRIA FIDEERA,Obra social,CABA,CIUDAD DE BUENOS AIRES,OSPIF,RIO DE JANEIRO 34/36,4-901-6125,4-902-3032,ospif@mastersoft.com.ar
107800,107800,OBRA SOCIAL DEL PERSONAL DE LA INDUSTRIA DEL FIBROCEMENTO,Obra social,Buenos Aires,SAN JUSTO,OSPIF,CONSTITUCION 3674,4 651-7411,4-482-5141,osdelfibro@hotmail.com
107404,107404,OBRA SOCIAL DEL PERSONAL DE FARMACIA,Obra social,CABA,CIUDAD DE BUENOS AIRES,OSPF,CONSTITUCION 2066,4941-1342,4-943-4086,null
107206,107206,"OBRA SOCIAL DEL PERSONAL DE ESTACIONES DE SERVICIO, GARAGES, PLAYAS DE ESTACIONAMIENTO Y LAVADEROS AUTOMATICOS",Obra social,CABA,CIUDAD DE BUENOS AIRES,OSPESGYPE,HIPOLITO YRIGOYEN 2727,4-866-1631,4866-4293,null
107107,107107,OBRA SOCIAL DEL PERSONAL DEL ESPECTACULO PUBLICO,Obra social,CABA,CIUDAD DE BUENOS AIRES,OSPEP,PASCO 148/54,4951-2538,4951-2649,null
107008,107008,OBRA SOCIAL DEL PERSONAL DE ESCRIBANOS,Obra social,CABA,CIUDAD DE BUENOS AIRES,OSPE,RODRIGUEZ PEÑA 536/38,4-371-8957,4-373-5740,obrasocial@ospe.org.ar
106906,106906,OBRA SOCIAL DEL PERSONAL DE ESCRIBANIAS DE LA PROVINCIA DE BUENOS AIRES,Obra social,Buenos Aires,LA PLATA,OSPEPBA,CALLE 45 Nº 509,0221-4821457,0221-4-257230/1629,social@personalescribanias.org
106807,106807,OBRA SOCIAL DEL PERSONAL DE LA ENSE¥ANZA PRIVADA,Obra social,CABA,CIUDAD DE BUENOS AIRES,OSPEP,AV. JUJUY 226,4-956-0408/09,null,informes@ospepweb.com.ar
106708,106708,OBRA SOCIAL DE OBREROS EMPACADORES DE FRUTA DE RIO NEGRO Y NEUQUEN,Obra social,Río Negro,CIPOLLETTI,null,MENGUELLE 130,0299-478-2686,0299-478-2274,victoria@neunt.com.ar
106609,106609,OBRA SOCIAL ELECTRICISTAS NAVALES,Obra social,CABA,CIUDAD DE BUENOS AIRES,OSEN,AVDA JUAN DE GARAY 1900,4371-4896,null,null
106500,106500,OBRA SOCIAL DEL PERSONAL DE EDIFICIOS DE RENTA Y HORIZONTAL DE LA CIUDAD AUTONOMA DE BUENOS AIRES Y GRAN BUENOS AIRES,Obra social,CABA,CIUDAD DE BUENOS AIRES,OSPERYH,SARMIENTO 2026,5354-6600 INT 2106,0800-266-0066,osperyh@osperyh.org.ar
106401,106401,OBRA SOCIAL DEL PERSONAL DE EDIFICIOS DE RENTA Y HORIZONTAL DE LA REPUBLICA ARGENTINA,Obra social,CABA,CIUDAD DE BUENOS AIRES,OSPERYHRA,SARMIENTO 2026,5-354-6600,null,osperyh@osperyh.org.ar
106302,106302,OBRA SOCIAL DE DOCENTES PARTICULARES,Obra social,CABA,CIUDAD DE BUENOS AIRES,OSDOP,JUAN DOMINGO PERON 2625,4-342-2525,5-9415500,null
106203,106203,OBRA SOCIAL DEL PERSONAL DE DISTRIBUIDORAS CINEMATOGRAFICAS,Obra social,CABA,CIUDAD DE BUENOS AIRES,OSPEDICI,RIOBAMBA 588,4373-8723,4371-4348,ospedici@speedy.com.ar
106104,106104,OBRA SOCIAL DE EMPLEADOS DE DESPACHANTES DE ADUANA,Obra social,CABA,CIUDAD DE BUENOS AIRES,OSEDA,CALLAO 220 PISO 6,4-372-6667/8,4-372-8322,null
106005,106005,OBRA SOCIAL DEL PERSONAL DE ENTIDADES DEPORTIVAS Y CIVILES,Obra social,CABA,CIUDAD DE BUENOS AIRES,OSPEDYC,ALBERTI 646,5353-3500,null,ospedyc@infovia.com
105804,105804,OBRA SOCIAL DE CHOFERES DE CAMIONES,Obra social,CABA,CIUDAD DE BUENOS AIRES,OSCHOCA,SAN JOSE 1781,4378-1000,null,info@camioneros-ba.org.ar
105705,105705,OBRA SOCIAL DEL PERSONAL DE LA INDUSTRIA DEL CHACINADO Y AFINES,Obra social,CABA,CIUDAD DE BUENOS AIRES,OSPICHA,AVDA. CASEROS 860,4-307-7471,4-307-4378,null
105606,105606,OBRA SOCIAL DEL PERSONAL DE LA INDUSTRIA DEL CUERO Y AFINES,Obra social,CABA,CIUDAD DE BUENOS AIRES,OSPICA,PTE. J. D. PERON 3866,4-983-7408,4-983-7622,null
105507,105507,OBRA SOCIAL DE LOS CORTADORES DE LA INDUMENTARIA,Obra social,CABA,CIUDAD DE BUENOS AIRES,OSUCI,SANTIAGO DEL ESTERO 576,4-383-8801,4-383-8774,obrasocial@uci.org.ar
105408,105408,OBRA SOCIAL DEL PERSONAL DE LA CONSTRUCCION,Obra social,CABA,CIUDAD DE BUENOS AIRES,OSPECON,AVDA. BELGRANO 1862/70,4-384-7140/50,0800-222-0123,salud@uocra.org
105309,105309,OBRA SOCIAL DEL PERSONAL ADMINISTRATIVO Y TECNICO DE LA CONSTRUCCION Y AFINES,Obra social,CABA,CIUDAD DE BUENOS AIRES,OSPATCA,PTE. LUIS SAENZ PEÑA 1142/44,6091-7900,null,info@ospatca.com.ar
105002,105002,OBRA SOCIAL DE CONDUCTORES NAVALES,Obra social,CABA,CIUDAD DE BUENOS AIRES,OSCONARA,PINZON 281,4-362-0080/0880,null,info@siconara.com.ar
104801,104801,"OBRA SOCIAL DE COLOCADORES DE AZULEJOS, MOSAICOS, GRANITEROS, LUSTRADORES Y PORCELANEROS",Obra social,CABA,CIUDAD DE BUENOS AIRES,OSCAMGLYP,JOSE EUSEBIO COLOMBRES 1419,4-922-2631,4 922-3801,oscamglyp@speedy.com.ar
104603,104603,OBRA SOCIAL DE OPERADORES CINEMATOGRAFICOS,Obra social,CABA,CIUDAD DE BUENOS AIRES,OSOC,VIAMONTE 2045,4-372-0509,4-374-0442,null
104504,104504,OBRA SOCIAL DEL PERSONAL DE LA INDUSTRIA CINEMATOGRAFICA,Obra social,CABA,CIUDAD DE BUENOS AIRES,OSPIC,JUNCAL 2029,4-808-0106,null,ospic@sicacine.org.ar
104405,104405,OBRA SOCIAL DEL PERSONAL CINEMATOGRAFICO DE MAR DEL PLATA,Obra social,Buenos Aires,MAR DEL PLATA  (MAR DEL PLATA),OSPERCIN,NEUQUEN 2655,0223-4738544,null,null
104306,104306,OBRA SOCIAL DEL PERSONAL DE LA ACTIVIDAD CERVECERA Y AFINES,Obra social,CABA,CIUDAD DE BUENOS AIRES,OSPACA,HUMAHUACA 4072,4 862-4581,4 862-2666,null
104207,104207,"OBRA SOCIAL DEL PERSONAL DE LA CERAMICA, SANITARIOS, PORCELANA DE MESA Y AFINES",Obra social,Buenos Aires,AVELLANEDA (AVELLANEDA),OSPCSPMYA,AV. HIIPOLITO IRIGOYEN 1255,4-208-2079,4-208-8779,ospecesa@speedy.com.ar
104108,104108,OBRA SOCIAL DE CERAMISTAS,Obra social,CABA,CIUDAD DE BUENOS AIRES,OSCE,DOBLAS 629,4-922-6752,4-921-0906,null
104009,104009,OBRA SOCIAL DEL PERSONAL DE CEMENTERIOS DE LA REPUBLICA ARGENTINA.,Obra social,CABA,CIUDAD DE BUENOS AIRES,OSPCRA,FEDERICO LACROZE 3908,4553-3947,4553-1999,soecra@uolsinectis.com.ar
103907,103907,OBRA SOCIAL DEL PERSONAL DE LA INDUSTRIA DEL CAUCHO DE SANTA FE,Obra social,Santa Fe,BARRANCAS,OSPIC SANTA FE,ITURRASPE 2458,0342-453-8863,null,oscauchostafe@yahoo.com.ar
103808,103808,OBRA SOCIAL DEL PERSONAL DEL CAUCHO,Obra social,CABA,CIUDAD DE BUENOS AIRES,OSPECA,VALLE 1281,4-433-3317,4-432-9404,ospeca@fibertel.com.ar
103709,103709,OBRA SOCIAL DEL PERSONAL DE LA INDUSTRIA DEL CAUCHO,Obra social,CABA,CIUDAD DE BUENOS AIRES,OSPIC,CONGRESO 2033,4 701-5646,null,ospic_caucho@arnet.com.ar
103600,103600,OBRA SOCIAL DEL PERSONAL AUXILIAR DE CASAS PARTICULARES,Obra social,CABA,CIUDAD DE BUENOS AIRES,OSPACP,CHARCAS 2745,4 829-1212,4 826-1806,info@ospacp.org.ar
103402,103402,OBRA SOCIAL DEL PERSONAL DE CARGA Y DESCARGA,Obra social,CABA,CIUDAD DE BUENOS AIRES,OSPCYD,COCHABAMBA 1635,4304-5484,4304-8358,estibaro@hotmail.com.ar
103204,103204,OBRA SOCIAL DE CONDUCTORES CAMIONEROS Y PERSONAL DEL TRANSPORTE AUTOMOTOR DE CARGAS,Obra social,CABA,CIUDAD DE BUENOS AIRES,null,AV. CASEROS 921/23,4300-2191,4300-0975,aliciak@spdps.com.ar
103105,103105,OBRA SOCIAL DEL PERSONAL DE LA INDUSTRIA DEL CALZADO,Obra social,CABA,CIUDAD DE BUENOS AIRES,OSPICAL,YATAY 129 PISO 4,4 981-1164,4 981-1180,null
103006,103006,OBRA SOCIAL DEL PERSONAL DE LA INDUSTRIA BOTONERA,Obra social,Buenos Aires,GENERAL SAN MARTÍN,OSPIB,CALLE 91 N# 1886,4 755-2931,null,null
102904,102904,"OBRA SOCIAL DEL PERSONAL DE BARRACAS DE LANAS, CUEROS Y ANEXOS",Obra social,Buenos Aires,AVELLANEDA (AVELLANEDA),null,FLORENTINO AMEGHINO 1060,4 222-4086,4 222-4646,osblyca@uolsinectis.com.ar
102706,102706,OBRA SOCIAL DEL PERSONAL DE LA INDUSTRIA AZUCARERA,Obra social,Tucumán,null,OSPIA,CONGRESO 342/8,0381-422-1478,null,ospia@tucbbs.com.ar
102300,102300,OBRA SOCIAL DEL PERSONAL DEL AZUCAR DEL INGENIO SAN MARTIN,Obra social,Salta,EL TABACAL,OSPA,ISLAS MALVINAS S/N# - BARRIO PATRON COSTA,03878-421800/2,03878-491189,null
101901,101901,OBRA SOCIAL DEL PERSONAL DEL AZUCAR DEL INGENIO LEDESMA,Obra social,Jujuy,LIBERTADOR GENERAL SAN MARTIN,OSPAIL,JUJUY 755 CC5,03886-423558,null,null
101802,101802,OBRA SOCIAL DEL PERSONAL DEL AZUCAR DEL INGENIO LA ESPERANZA,Obra social,Jujuy,SAN PEDRO,OSPA,SERAPIO SORIA 337,03884-421222,03884-426117,ospalesp@arnet.com.ar
101604,101604,OBRA SOCIAL DEL PERSONAL DEL AUTOMOVIL CLUB ARGENTINO,Obra social,CABA,CIUDAD DE BUENOS AIRES,OSPACA,ANCHORENA 639 - PISO 1,4106-4500,null,null
101208,101208,OBRA SOCIAL DEL PERSONAL DE LA INDUSTRIA DE LA ALIMENTACION,Obra social,CABA,CIUDAD DE BUENOS AIRES,OSPIA,VENEZUELA 1326,4 383-9026/29,null,ospiacentral@ospia.org.ar
101109,101109,"OBRA SOCIAL DE ALFAJOREROS, REPOSTEROS, PIZZEROS Y HELADEROS",Obra social,Buenos Aires,MAR DEL PLATA  (MAR DEL PLATA),OSARPYH,AV. LURO 3523,0223-4734838 INT 255,0223-472-4163,osarpyh@starphymdp.com.ar
101000,101000,OBRA SOCIAL DEL PERSONAL DE AGUAS GASEOSAS Y AFINES,Obra social,CABA,CIUDAD DE BUENOS AIRES,OSPAGA,BACACAY 2735/37,4-637-3793,4-637-9796,ospaga@yahoo.com.ar
100908,100908,OBRA SOCIAL EMPLEADOS DE AGENCIAS DE INFORMES,Obra social,CABA,CIUDAD DE BUENOS AIRES,OSEADI,LAVALLE 1783 PISO 1 - OF. A,4-372-9598,4-373-4977,oseadi@VELOCOM.com.ar
100809,100809,OBRA SOCIAL DE AERONAVEGANTES,Obra social,CABA,CIUDAD DE BUENOS AIRES,OSA,BARTOLOME MITRE 1906 - PISO 1,4-953-7274/79,null,aaa@aeronavegantes.com.ar
100700,100700,OBRA SOCIAL DEL PERSONAL TECNICO AERONAUTICO,Obra social,Buenos Aires,CIUDADELA,OSPTA,D ONOFRIO 158,4-653-3016,4-653-3017,aviones@aviones.com
100601,100601,OBRA SOCIAL DEL PERSONAL DE AERONAVEGACION DE ENTES PRIVADOS,Obra social,CABA,CIUDAD DE BUENOS AIRES,OSPADEP,VENEZUELA 900,4-331-1411,null,suobrasocial@speedy.com.a
100502,100502,OBRA SOCIAL DEL PERSONAL AERONAUTICO,Obra social,CABA,CIUDAD DE BUENOS AIRES,OSPA,ANCHORENA 1266,4-823-7121,null,info@ospa.com.ar
100403,100403,OBRA SOCIAL DEL PERSONAL SUPERIOR Y PROFESIONAL DE EMPRESAS AEROCOMERCIALES,Obra social,CABA,CIUDAD DE BUENOS AIRES,OSPEA,INDEPENDENCIA 1111 - PISO 2,4-383-3185,4-383-8907,ospea@upsa-ospea.com.ar
100304,100304,OBRA SOCIAL DE TECNICOS DE VUELO DE LINEAS AEREAS,Obra social,CABA,CIUDAD DE BUENOS AIRES,OSTVLA,VICTOR HUGO 369,4-635-9010,null,atvla@ciudad.com.ar
100205,100205,OBRA SOCIAL DE ACTORES,Obra social,CABA,CIUDAD DE BUENOS AIRES,OSA,PASTEUR 24 PISO 1,4 952-8402,4 953-6740,0800-222-9216
100106,100106,"OBRA SOCIAL PARA EL PERSONAL DE LA INDUSTRIA ACEITERA, DESMOTADORA Y AFINES",Obra social,CABA,CIUDAD DE BUENOS AIRES,OSIAD,AVDA. BELGRANO 1370 PISO 2,4-381-5041,null,info@osiadsalud.org.ar
3603,3603,OBRA SOCIAL PROGRAMAS MEDICOS SOCIEDAD ARGENTINA DE CONSULTORIA MUTUAL,Obra social,Buenos Aires,LOMAS DE ZAMORA (LOMAS DE ZAMORA),null,L.N.ALEM 239,5032-5000,null,null
3504,3504,OBRA SOCIAL DE CONDUCTORES TITULARES DE TAXIS DE LA CIUDAD AUTONOMA DE BUENOS AIRES,Obra social,CABA,CIUDAD DE BUENOS AIRES,O.S.TAX.B.A,FRAGATA PRESIDENTE SARMIENTO 661,4331-5503,4331-4864,null
3405,3405,"OBRA SOCIAL ASOCIACION MUTUAL DE LOS OBREROS CATOLICOS ""PADRE FEDERICO GROTE""",Obra social,CABA,CIUDAD DE BUENOS AIRES,O.S.A.M.O.C,BILLINGHURST 1677,null,null,osamos@fibertel.com.ar
3306,3306,OBRA SOCIAL DE TRABAJADORES VENDEDORES DE DIARIOS REVISTAS Y AFINES,Obra social,CABA,CIUDAD DE BUENOS AIRES,OSTVENDRA,VENEZUELA 2365,4-941-9855,4-941-2560,null
3207,3207,OBRA SOCIAL DE TRABAJADORES SOCIOS DE LA ASOCIACION MUTUAL DEL PERSONAL JERARQUICO DE BANCOS OFICIALES NACIONALES-JERARQUICOS SALUD-,Obra social,Santa Fe,SANTA FE,null,AV FACUNDO ZUVIRIA 4584,0342-4504800,null,null
3108,3108,OBRA SOCIAL DE LOS INMIGRANTES ESPAÑOLES Y SUS DESCENDIENTES RESIDENTES EN LA REPUBLICA ARGENTINA,Obra social,CABA,CIUDAD DE BUENOS AIRES,OSPAÑA,AVDA BELGRANO 2133,4-127-1000,4-127-1102,info@ospana.com.ar
3009,3009,OBRA SOCIAL DEL PERSONAL ASOCIADO A ASOCIACION MUTUAL SANCOR,Obra social,Santa Fe,SUNCHALES,O.S.PERS.A.A.M.S.,CALLE AVENIDA INDEPENDENCIA 206 PRIMER PISO,(03493)-426325,null,ospersaams@sancorsalud.com.ar
2907,2907,OBRA SOCIAL ASOCIACION MUTUAL METALURGICA VILLA CONSTITUCION,Obra social,Santa Fe,VILLA CONSTITUCION,OSAMMVC,JUAN MANUEL DE ROSAS 710 - PLANTA ALTA -,03400-479532,null,null
2808,2808,OBRA SOCIAL DE LA CAMARA DE EMPRESARIOS DE AGENCIAS DE REMISES DE LA PROVINCIA DE BUENOS AIRES,Obra social,Buenos Aires,ALBERTI,O.S.E.A.R.B.A.,CALLE RIVADAVIA Y 1ERO. DE MAYO,02346-471880,null,osearbasalud@intercal.com.ar
2709,2709,OBRA SOCIAL DE LOS TRABAJADORES ASOCIADOS A LA ASOCIACION MUTUAL MERCANTIL ARGENTINA,Obra social,Córdoba,CORDOBA,OSTAMMA,TUCUMAN 26 LOCAL 2 GALERIA FORTUNE,0351-4246297,0351-4251433,null
2600,2600,OBRA SOCIAL DE LOS TRABAJADORES DE LA CARNE Y AFINES DE LA REPUBLICA ARGENTINA,Obra social,CABA,CIUDAD DE BUENOS AIRES,O.S.T.C.A.R.A.,RODRIGUEZ PEÑA 269,4-373-5367,null,secretaria@ostcara.org.ar
2501,2501,"OBRA SOCIAL DE MINISTROS, SECRETARIOS Y SUBSECRETARIOS",Obra social,CABA,CIUDAD DE BUENOS AIRES,OSMISS,ADOLFO ALSINA 943 PISO 2,4-334-6644,4-334-6611,info@osmiss.org.ar
2402,2402,OBRA SOCIAL DEL PERSONAL JERARQUICO DEL TRANSPORTE AUTOMOTOR DE PASAJEROS DE CORDOBA Y AFINES,Obra social,Córdoba,CORDOBA,null,LIMA 446 OF.1.-,0351-4280605,0351-4264580,null
2303,2303,"OBRA SOCIAL PARA EL PERSONAL DE EMPRESAS DE LIMPIEZA, SERVICIOS Y MAESTRANZA DE MENDOZA",Obra social,Mendoza,MENDOZA,null,SAN LORENZO 221,0261-420-1638,0800-666-5579,ospelsym@ospelsym.com.ar
2204,2204,OBRA SOCIAL DE EMPLEADOS Y PERSONAL JERARQUICO DE LA ACTIVIDAD DEL NEUMATICO ARGENTINO DE NEUMATICOS GOOD YEAR SRL,Obra social,Buenos Aires,HURLINGHAM (HURLINGHAM),null,MANUEL OCAMPO 1201,4-665-7958,null,null
2105,2105,OBRA SOCIAL PROFESIONALES DEL TURF DE LA REPUBLICA ARGENTINA,Obra social,Buenos Aires,ACASSUSO,OSPROTURA,TRES SARGENTOS 863,4-792-1851,4-798-3868,interturf@ciudad.com.ar
1904,1904,OBRA SOCIAL DE LA FEDERACION DE CAMARAS Y CENTROS COMERCIALES ZONALES DE LA REPUBLICA ARGENTINA (FEDECAMARAS),Obra social,CABA,CIUDAD DE BUENOS AIRES,FEDECAMARAS,URUGUAY 252 - 1º CUERPO - PISO 2º - OFICINA C,4372-3838,4372-4600,mecheconea@osfedecamaras.com.ar
1805,1805,OBRA SOCIAL DE LOS LEGISLADORES DE LA REPUBLICA ARGENTINA,Obra social,CABA,CIUDAD DE BUENOS AIRES,OSLERA,MEXICO 565,4331-1245,4331-1090,oslera@clnoslera.com.ar
1706,1706,OBRA SOCIAL DEL PERSONAL JERARQUICO DE LA REPUBLICA ARGENTINA PARA EL PERSONAL JERARQUICO DE LA INDUSTRIA GRAFICA Y EL PERSONAL JERARQUICO DEL AGUA Y LA ENERGIA,Obra social,CABA,CIUDAD DE BUENOS AIRES,OSJERA,MORENO 1142 PLANTA BAJA,null,4-381-3200,administración@opsjera.com.ar
1607,1607,OBRA SOCIAL DEL SINDICATO UNIDO DE TRABAJADORES DE LA INDUSTRIA DE AGUAS GASEOSAS DE LA PROVINCIA DE SANTA FE,Obra social,Santa Fe,ROSARIO,null,SARMIENTO 2225,0341-482-5430,0341 482-3351,sutiaga@coopvgg.com.ar
1508,1508,OBRA SOCIAL DE LA ASOCIACION CIVIL PROSINDICATO DE AMAS DE CASA DE LA REPUBLICA ARGENTINA,Obra social,CABA,CIUDAD DE BUENOS AIRES,OSSACRA,CALLE SOLIS 756 PLANTA ALTA,4384-0463,null,ossacrasedecentral@gmail.com
1300,1300,OBRA SOCIAL FERROVIARIA,Obra social,CABA,CIUDAD DE BUENOS AIRES,OSFE,INDEPENDENCIA 2852,4127-7731,4127-7706/7791,info@osferroviaria.org.ar
1201,1201,OBRA SOCIAL PARA EL PERSONAL DEL MINISTERIO DE ECONOMIA Y DE OBRAS Y SERVICIOS PUBLICOS,Obra social,CABA,CIUDAD DE BUENOS AIRES,OSME,VENEZUELA 155,4-345-0746/50,4-345-0786,osme.cc@ciudad.com.ar
1102,1102,OBRA SOCIAL PARA LA ACTIVIDAD DOCENTE,Obra social,CABA,CIUDAD DE BUENOS AIRES,OSPLAD,TACUARI 345,4 334-1427,4 334-1410,secpres@infovia.com.ar
901,901,"OBRA SOCIAL DE LA ACTIVIDAD DE SEGUROS, REASEGUROS, CAPITALIZACION Y AHORRO Y PRESTAMO PARA LA VIVIENDA",Obra social,CABA,CIUDAD DE BUENOS AIRES,OSSEG,PELLEGRINI 575,4131-2100,4131-2000,informacion@osseg.org.ar
703,703,MUTUAL DEL PERSONAL DEL AGUA Y LA ENERGIA DE MENDOZA,Obra social,Mendoza,MENDOZA,null,JOSE VICENTE ZAPATA 144,0261-4292012,null,mutualaye@infovia.com.ar
604,604,OBRA SOCIAL DE AGENTES DE LOTERIAS Y AFINES DE LA REPUBLICA ARGENTINA,Obra social,CABA,CIUDAD DE BUENOS AIRES,OSALARA,ADOLFO ALSINA 946,5235-9810,null,osalara@aleara.com.ar
505,505,"OBRA SOCIAL DE CAPITANES, PILOTOS Y PATRONES DE PESCA",Obra social,Buenos Aires,MAR DEL PLATA  (MAR DEL PLATA),OSPESCA,AVDA JUAN B. JUSTO 518,0223-4809739,0223-4800580,ospesca@capitanesdepesca.org.ar
406,406,OBRA SOCIAL DEL PERSONAL DEL ORGANISMO DE CONTROL EXTERNO,Obra social,CABA,CIUDAD DE BUENOS AIRES,OSPOCE,BARTOLOME MITRE 1523 PISO 1 B,5510-5000,null,null
307,307, OBRA SOCIAL PORTUARIOS ARGENTINOS DE MAR DEL PLATA,Obra social,Buenos Aires,MAR DEL PLATA,OSPA,RONDEAU 63,0223 480-0421,0223-4890039,portuariosargentinosmdp@yahoo.com.ar
208,208,OBRA SOCIAL DEL PERSONAL DE LA INDUSTRIA GRAFICA DE LA PROVINCIA DE CORDOBA,Obra social,Córdoba,CORDOBA,null,ARTIGAS 60,3514238079,0351-4236538,ospigpc@hotmail.com
2,2,CONSORCIO DE OBRAS SOCIALES UNION FEDERAL,Obra social,CABA,CIUDAD DE BUENOS AIRES,null,MARCELO T. DE ALVEAR 1550 PISO 3 DPTO 3 OF A,4 8124331,null,null
1,1,MUTUAL DE LOS MEDICOS MUNICIPALES DE LA CIUDAD DE BUENOS AIRES,Obra social,CABA,CIUDAD DE BUENOS AIRES,null,MEXICO 2521/23,4308-2403,4941-7766,info@lamutua.com.ar